Language,Product ID,Display Name,Description
en-US,com.cartostar.pro.monthly,CartoStar Pro Monthly,"Full access to CartoStar astrocartography features. Includes 3D interactive globe, city rankings with Scout, planetary line interpretations, natal chart analysis, and 50 AI-powered questions per month. Billed monthly. Cancel anytime."
en-US,com.cartostar.pro.annual,CartoStar Pro Annual,"Full access to CartoStar astrocartography features at our best value. Includes 3D interactive globe, city rankings with Scout, planetary line interpretations, natal chart analysis, and 50 AI-powered questions per month. Save 50% compared to monthly. Billed annually."
en-US,com.cartostar.duo.monthly,CartoStar Duo Monthly,"Everything in Pro plus Duo Mode for partner compatibility. Compare two birth charts to find ideal honeymoon spots, relocation cities, or travel destinations where both people thrive. Includes 100 AI questions per month. Perfect for couples. Billed monthly."
en-US,com.cartostar.duo.annual,CartoStar Duo Annual,"Everything in Pro plus Duo Mode for partner compatibility at our best value. Compare two birth charts to find ideal shared destinations. Includes 100 AI questions per month. Save 50% compared to monthly. Perfect for couples planning together. Billed annually."
en-US,com.cartostar.lifetime,CartoStar Lifetime,"Pay once, own forever. Includes all Pro and Duo features with permanent access. 3D globe, city rankings, planetary line interpretations, Duo Mode for partner compatibility, and 200 AI questions. All future features included. One-time purchase."
es-ES,com.cartostar.pro.monthly,CartoStar Pro Mensual,"Acceso completo a las funciones de astrocartografía de CartoStar. Incluye globo 3D interactivo, clasificación de ciudades con Scout, interpretaciones de líneas planetarias, análisis de carta natal y 50 preguntas con IA al mes. Facturación mensual. Cancela cuando quieras."
es-ES,com.cartostar.pro.annual,CartoStar Pro Anual,"Acceso completo a las funciones de astrocartografía de CartoStar con el mejor precio. Incluye globo 3D interactivo, clasificación de ciudades con Scout, interpretaciones de líneas planetarias, análisis de carta natal y 50 preguntas con IA al mes. Ahorra 50% vs mensual. Facturación anual."
es-ES,com.cartostar.duo.monthly,CartoStar Duo Mensual,"Todo lo de Pro más el Modo Duo para compatibilidad de pareja. Compara dos cartas natales para encontrar destinos ideales para luna de miel, mudanzas o viajes donde ambos prosperen. Incluye 100 preguntas IA al mes. Perfecto para parejas. Facturación mensual."
es-ES,com.cartostar.duo.annual,CartoStar Duo Anual,"Todo lo de Pro más el Modo Duo para compatibilidad de pareja con el mejor precio. Compara dos cartas natales para encontrar destinos compartidos ideales. Incluye 100 preguntas IA al mes. Ahorra 50% vs mensual. Perfecto para parejas. Facturación anual."
es-ES,com.cartostar.lifetime,CartoStar Vitalicio,"Paga una vez, tuyo para siempre. Incluye todas las funciones Pro y Duo con acceso permanente. Globo 3D, clasificación de ciudades, interpretaciones de líneas planetarias, Modo Duo y 200 preguntas IA. Todas las futuras funciones incluidas. Compra única."
es-MX,com.cartostar.pro.monthly,CartoStar Pro Mensual,"Acceso completo a las funciones de astrocartografía de CartoStar. Incluye globo 3D interactivo, clasificación de ciudades con Scout, interpretaciones de líneas planetarias, análisis de carta natal y 50 preguntas con IA al mes. Facturación mensual. Cancela cuando quieras."
es-MX,com.cartostar.pro.annual,CartoStar Pro Anual,"Acceso completo a las funciones de astrocartografía de CartoStar con el mejor precio. Incluye globo 3D interactivo, clasificación de ciudades con Scout, interpretaciones de líneas planetarias, análisis de carta natal y 50 preguntas con IA al mes. Ahorra 50% vs mensual. Facturación anual."
es-MX,com.cartostar.duo.monthly,CartoStar Duo Mensual,"Todo lo de Pro más el Modo Duo para compatibilidad de pareja. Compara dos cartas natales para encontrar destinos ideales para luna de miel, mudanzas o viajes donde ambos prosperen. Incluye 100 preguntas IA al mes. Perfecto para parejas. Facturación mensual."
es-MX,com.cartostar.duo.annual,CartoStar Duo Anual,"Todo lo de Pro más el Modo Duo para compatibilidad de pareja con el mejor precio. Compara dos cartas natales para encontrar destinos compartidos ideales. Incluye 100 preguntas IA al mes. Ahorra 50% vs mensual. Perfecto para parejas. Facturación anual."
es-MX,com.cartostar.lifetime,CartoStar Vitalicio,"Paga una vez, tuyo para siempre. Incluye todas las funciones Pro y Duo con acceso permanente. Globo 3D, clasificación de ciudades, interpretaciones de líneas planetarias, Modo Duo y 200 preguntas IA. Todas las futuras funciones incluidas. Compra única."
fr-FR,com.cartostar.pro.monthly,CartoStar Pro Mensuel,"Accès complet aux fonctionnalités d'astrocartographie de CartoStar. Comprend le globe 3D interactif, le classement des villes avec Scout, les interprétations des lignes planétaires, l'analyse du thème natal et 50 questions IA par mois. Facturation mensuelle. Annulez à tout moment."
fr-FR,com.cartostar.pro.annual,CartoStar Pro Annuel,"Accès complet aux fonctionnalités d'astrocartographie de CartoStar au meilleur prix. Comprend le globe 3D interactif, le classement des villes avec Scout, les interprétations des lignes planétaires, l'analyse du thème natal et 50 questions IA par mois. Économisez 50%. Facturation annuelle."
fr-FR,com.cartostar.duo.monthly,CartoStar Duo Mensuel,"Tout ce qui est dans Pro plus le Mode Duo pour la compatibilité de couple. Comparez deux thèmes natals pour trouver des destinations idéales pour lune de miel, déménagement ou voyage où les deux s'épanouissent. Inclut 100 questions IA par mois. Parfait pour les couples. Facturation mensuelle."
fr-FR,com.cartostar.duo.annual,CartoStar Duo Annuel,"Tout ce qui est dans Pro plus le Mode Duo pour la compatibilité de couple au meilleur prix. Comparez deux thèmes natals pour trouver des destinations partagées idéales. Inclut 100 questions IA par mois. Économisez 50%. Parfait pour les couples. Facturation annuelle."
fr-FR,com.cartostar.lifetime,CartoStar À Vie,"Payez une fois, possédez pour toujours. Inclut toutes les fonctionnalités Pro et Duo avec accès permanent. Globe 3D, classement des villes, interprétations des lignes planétaires, Mode Duo et 200 questions IA. Toutes les futures fonctionnalités incluses. Achat unique."
fr-CA,com.cartostar.pro.monthly,CartoStar Pro Mensuel,"Accès complet aux fonctionnalités d'astrocartographie de CartoStar. Comprend le globe 3D interactif, le classement des villes avec Scout, les interprétations des lignes planétaires, l'analyse du thème natal et 50 questions IA par mois. Facturation mensuelle. Annulez à tout moment."
fr-CA,com.cartostar.pro.annual,CartoStar Pro Annuel,"Accès complet aux fonctionnalités d'astrocartographie de CartoStar au meilleur prix. Comprend le globe 3D interactif, le classement des villes avec Scout, les interprétations des lignes planétaires, l'analyse du thème natal et 50 questions IA par mois. Économisez 50%. Facturation annuelle."
fr-CA,com.cartostar.duo.monthly,CartoStar Duo Mensuel,"Tout ce qui est dans Pro plus le Mode Duo pour la compatibilité de couple. Comparez deux thèmes natals pour trouver des destinations idéales pour lune de miel, déménagement ou voyage où les deux s'épanouissent. Inclut 100 questions IA par mois. Parfait pour les couples. Facturation mensuelle."
fr-CA,com.cartostar.duo.annual,CartoStar Duo Annuel,"Tout ce qui est dans Pro plus le Mode Duo pour la compatibilité de couple au meilleur prix. Comparez deux thèmes natals pour trouver des destinations partagées idéales. Inclut 100 questions IA par mois. Économisez 50%. Parfait pour les couples. Facturation annuelle."
fr-CA,com.cartostar.lifetime,CartoStar À Vie,"Payez une fois, possédez pour toujours. Inclut toutes les fonctionnalités Pro et Duo avec accès permanent. Globe 3D, classement des villes, interprétations des lignes planétaires, Mode Duo et 200 questions IA. Toutes les futures fonctionnalités incluses. Achat unique."
de-DE,com.cartostar.pro.monthly,CartoStar Pro Monatlich,"Voller Zugang zu CartoStar Astrokartographie-Funktionen. Enthält interaktiven 3D-Globus, Städte-Rankings mit Scout, Planetenlinien-Interpretationen, Geburtshoroskop-Analyse und 50 KI-gestützte Fragen pro Monat. Monatliche Abrechnung. Jederzeit kündbar."
de-DE,com.cartostar.pro.annual,CartoStar Pro Jährlich,"Voller Zugang zu CartoStar Astrokartographie-Funktionen zum besten Preis. Enthält interaktiven 3D-Globus, Städte-Rankings mit Scout, Planetenlinien-Interpretationen, Geburtshoroskop-Analyse und 50 KI-gestützte Fragen pro Monat. 50% sparen. Jährliche Abrechnung."
de-DE,com.cartostar.duo.monthly,CartoStar Duo Monatlich,"Alles aus Pro plus Duo-Modus für Partner-Kompatibilität. Vergleiche zwei Geburtshoroskope, um ideale Flitterwochen-, Umzugs- oder Reiseziele zu finden, an denen beide aufblühen. Enthält 100 KI-Fragen pro Monat. Perfekt für Paare. Monatliche Abrechnung."
de-DE,com.cartostar.duo.annual,CartoStar Duo Jährlich,"Alles aus Pro plus Duo-Modus für Partner-Kompatibilität zum besten Preis. Vergleiche zwei Geburtshoroskope, um ideale gemeinsame Ziele zu finden. Enthält 100 KI-Fragen pro Monat. 50% sparen. Perfekt für Paare. Jährliche Abrechnung."
de-DE,com.cartostar.lifetime,CartoStar Lebenslang,"Einmal zahlen, für immer besitzen. Enthält alle Pro- und Duo-Funktionen mit dauerhaftem Zugang. 3D-Globus, Städte-Rankings, Planetenlinien-Interpretationen, Duo-Modus und 200 KI-Fragen. Alle zukünftigen Funktionen inklusive. Einmaliger Kauf."
it-IT,com.cartostar.pro.monthly,CartoStar Pro Mensile,"Accesso completo alle funzionalità di astrocartografia di CartoStar. Include globo 3D interattivo, classifiche delle città con Scout, interpretazioni delle linee planetarie, analisi del tema natale e 50 domande IA al mese. Fatturazione mensile. Annulla quando vuoi."
it-IT,com.cartostar.pro.annual,CartoStar Pro Annuale,"Accesso completo alle funzionalità di astrocartografia di CartoStar al miglior prezzo. Include globo 3D interattivo, classifiche delle città con Scout, interpretazioni delle linee planetarie, analisi del tema natale e 50 domande IA al mese. Risparmia 50%. Fatturazione annuale."
it-IT,com.cartostar.duo.monthly,CartoStar Duo Mensile,"Tutto ciò che è in Pro più la Modalità Duo per la compatibilità di coppia. Confronta due temi natali per trovare destinazioni ideali per luna di miele, trasferimento o viaggi dove entrambi prosperano. Include 100 domande IA al mese. Perfetto per coppie. Fatturazione mensile."
it-IT,com.cartostar.duo.annual,CartoStar Duo Annuale,"Tutto ciò che è in Pro più la Modalità Duo per la compatibilità di coppia al miglior prezzo. Confronta due temi natali per trovare destinazioni condivise ideali. Include 100 domande IA al mese. Risparmia 50%. Perfetto per coppie. Fatturazione annuale."
it-IT,com.cartostar.lifetime,CartoStar A Vita,"Paga una volta, possiedi per sempre. Include tutte le funzionalità Pro e Duo con accesso permanente. Globo 3D, classifiche delle città, interpretazioni delle linee planetarie, Modalità Duo e 200 domande IA. Tutte le future funzionalità incluse. Acquisto unico."
pt-BR,com.cartostar.pro.monthly,CartoStar Pro Mensal,"Acesso completo aos recursos de astrocartografia do CartoStar. Inclui globo 3D interativo, classificação de cidades com Scout, interpretações de linhas planetárias, análise de mapa natal e 50 perguntas com IA por mês. Cobrança mensal. Cancele a qualquer momento."
pt-BR,com.cartostar.pro.annual,CartoStar Pro Anual,"Acesso completo aos recursos de astrocartografia do CartoStar com o melhor preço. Inclui globo 3D interativo, classificação de cidades com Scout, interpretações de linhas planetárias, análise de mapa natal e 50 perguntas com IA por mês. Economize 50%. Cobrança anual."
pt-BR,com.cartostar.duo.monthly,CartoStar Duo Mensal,"Tudo do Pro mais o Modo Duo para compatibilidade de casal. Compare dois mapas natais para encontrar destinos ideais para lua de mel, mudança ou viagens onde ambos prosperam. Inclui 100 perguntas IA por mês. Perfeito para casais. Cobrança mensal."
pt-BR,com.cartostar.duo.annual,CartoStar Duo Anual,"Tudo do Pro mais o Modo Duo para compatibilidade de casal com o melhor preço. Compare dois mapas natais para encontrar destinos compartilhados ideais. Inclui 100 perguntas IA por mês. Economize 50%. Perfeito para casais. Cobrança anual."
pt-BR,com.cartostar.lifetime,CartoStar Vitalício,"Pague uma vez, seu para sempre. Inclui todos os recursos Pro e Duo com acesso permanente. Globo 3D, classificação de cidades, interpretações de linhas planetárias, Modo Duo e 200 perguntas IA. Todos os recursos futuros incluídos. Compra única."
pt-PT,com.cartostar.pro.monthly,CartoStar Pro Mensal,"Acesso completo às funcionalidades de astrocartografia do CartoStar. Inclui globo 3D interativo, classificação de cidades com Scout, interpretações de linhas planetárias, análise de mapa natal e 50 perguntas com IA por mês. Faturação mensal. Cancele quando quiser."
pt-PT,com.cartostar.pro.annual,CartoStar Pro Anual,"Acesso completo às funcionalidades de astrocartografia do CartoStar com o melhor preço. Inclui globo 3D interativo, classificação de cidades com Scout, interpretações de linhas planetárias, análise de mapa natal e 50 perguntas com IA por mês. Poupe 50%. Faturação anual."
pt-PT,com.cartostar.duo.monthly,CartoStar Duo Mensal,"Tudo do Pro mais o Modo Duo para compatibilidade de casal. Compare dois mapas natais para encontrar destinos ideais para lua de mel, mudança ou viagens onde ambos prosperam. Inclui 100 perguntas IA por mês. Perfeito para casais. Faturação mensal."
pt-PT,com.cartostar.duo.annual,CartoStar Duo Anual,"Tudo do Pro mais o Modo Duo para compatibilidade de casal com o melhor preço. Compare dois mapas natais para encontrar destinos partilhados ideais. Inclui 100 perguntas IA por mês. Poupe 50%. Perfeito para casais. Faturação anual."
pt-PT,com.cartostar.lifetime,CartoStar Vitalício,"Pague uma vez, seu para sempre. Inclui todas as funcionalidades Pro e Duo com acesso permanente. Globo 3D, classificação de cidades, interpretações de linhas planetárias, Modo Duo e 200 perguntas IA. Todas as funcionalidades futuras incluídas. Compra única."
ja,com.cartostar.pro.monthly,CartoStar Pro 月額,"CartoStarのアストロカートグラフィー機能へのフルアクセス。3Dインタラクティブ地球儀、Scoutによる都市ランキング、惑星ラインの解釈、出生図分析、月50回のAI質問を含みます。月額課金。いつでもキャンセル可能。"
ja,com.cartostar.pro.annual,CartoStar Pro 年額,"最もお得な価格でCartoStarのアストロカートグラフィー機能へのフルアクセス。3Dインタラクティブ地球儀、Scoutによる都市ランキング、惑星ラインの解釈、出生図分析、月50回のAI質問を含みます。月額より50%お得。年額課金。"
ja,com.cartostar.duo.monthly,CartoStar Duo 月額,"Proのすべてに加え、パートナー相性のためのDuoモード。2つの出生図を比較して、新婚旅行、移住、または両者が繁栄する旅行先を見つけましょう。月100回のAI質問を含みます。カップルに最適。月額課金。"
ja,com.cartostar.duo.annual,CartoStar Duo 年額,"最もお得な価格でProのすべてに加え、パートナー相性のためのDuoモード。2つの出生図を比較して理想的な共有目的地を見つけましょう。月100回のAI質問を含みます。月額より50%お得。カップルに最適。年額課金。"
ja,com.cartostar.lifetime,CartoStar 永久版,"一度の支払いで永久に所有。永続的なアクセスでProとDuoのすべての機能を含みます。3D地球儀、都市ランキング、惑星ラインの解釈、Duoモード、200回のAI質問。将来のすべての機能が含まれます。一回限りの購入。"
ko,com.cartostar.pro.monthly,CartoStar Pro 월간,"CartoStar 점성 지도 기능에 대한 전체 액세스. 3D 인터랙티브 지구본, Scout를 통한 도시 순위, 행성 라인 해석, 출생 차트 분석 및 월 50개의 AI 질문이 포함됩니다. 월간 청구. 언제든지 취소 가능."
ko,com.cartostar.pro.annual,CartoStar Pro 연간,"최고의 가격으로 CartoStar 점성 지도 기능에 대한 전체 액세스. 3D 인터랙티브 지구본, Scout를 통한 도시 순위, 행성 라인 해석, 출생 차트 분석 및 월 50개의 AI 질문이 포함됩니다. 월간 대비 50% 절약. 연간 청구."
ko,com.cartostar.duo.monthly,CartoStar Duo 월간,"Pro의 모든 것에 파트너 호환성을 위한 Duo 모드 추가. 두 개의 출생 차트를 비교하여 허니문, 이사 또는 둘 다 번창하는 여행지를 찾으세요. 월 100개의 AI 질문 포함. 커플에게 완벽합니다. 월간 청구."
ko,com.cartostar.duo.annual,CartoStar Duo 연간,"최고의 가격으로 Pro의 모든 것에 파트너 호환성을 위한 Duo 모드 추가. 두 개의 출생 차트를 비교하여 이상적인 공유 목적지를 찾으세요. 월 100개의 AI 질문 포함. 월간 대비 50% 절약. 커플에게 완벽합니다. 연간 청구."
ko,com.cartostar.lifetime,CartoStar 평생,"한 번 결제하고 영원히 소유하세요. 영구 액세스로 모든 Pro 및 Duo 기능을 포함합니다. 3D 지구본, 도시 순위, 행성 라인 해석, Duo 모드 및 200개의 AI 질문. 모든 향후 기능이 포함됩니다. 일회성 구매."
zh-Hans,com.cartostar.pro.monthly,CartoStar Pro 月度,"完整访问CartoStar星象地图功能。包括3D互动地球仪、Scout城市排名、行星线解读、本命盘分析和每月50个AI问题。按月计费。随时取消。"
zh-Hans,com.cartostar.pro.annual,CartoStar Pro 年度,"以最优惠的价格完整访问CartoStar星象地图功能。包括3D互动地球仪、Scout城市排名、行星线解读、本命盘分析和每月50个AI问题。比月度节省50%。按年计费。"
zh-Hans,com.cartostar.duo.monthly,CartoStar Duo 月度,"Pro的所有功能，外加用于伴侣兼容性的Duo模式。比较两个本命盘，找到理想的蜜月、搬迁或双方都蓬勃发展的旅行目的地。包括每月100个AI问题。非常适合情侣。按月计费。"
zh-Hans,com.cartostar.duo.annual,CartoStar Duo 年度,"以最优惠的价格获得Pro的所有功能，外加用于伴侣兼容性的Duo模式。比较两个本命盘，找到理想的共同目的地。包括每月100个AI问题。比月度节省50%。非常适合情侣。按年计费。"
zh-Hans,com.cartostar.lifetime,CartoStar 终身版,"一次付款，永久拥有。包括所有Pro和Duo功能，永久访问。3D地球仪、城市排名、行星线解读、Duo模式和200个AI问题。包含所有未来功能。一次性购买。"
zh-Hant,com.cartostar.pro.monthly,CartoStar Pro 月費,"完整存取CartoStar星象地圖功能。包括3D互動地球儀、Scout城市排名、行星線解讀、本命盤分析和每月50個AI問題。按月計費。隨時取消。"
zh-Hant,com.cartostar.pro.annual,CartoStar Pro 年費,"以最優惠的價格完整存取CartoStar星象地圖功能。包括3D互動地球儀、Scout城市排名、行星線解讀、本命盤分析和每月50個AI問題。比月費節省50%。按年計費。"
zh-Hant,com.cartostar.duo.monthly,CartoStar Duo 月費,"Pro的所有功能，外加用於伴侶相容性的Duo模式。比較兩個本命盤，找到理想的蜜月、搬遷或雙方都蓬勃發展的旅行目的地。包括每月100個AI問題。非常適合情侶。按月計費。"
zh-Hant,com.cartostar.duo.annual,CartoStar Duo 年費,"以最優惠的價格獲得Pro的所有功能，外加用於伴侶相容性的Duo模式。比較兩個本命盤，找到理想的共同目的地。包括每月100個AI問題。比月費節省50%。非常適合情侶。按年計費。"
zh-Hant,com.cartostar.lifetime,CartoStar 終身版,"一次付款，永久擁有。包括所有Pro和Duo功能，永久存取。3D地球儀、城市排名、行星線解讀、Duo模式和200個AI問題。包含所有未來功能。一次性購買。"
ru,com.cartostar.pro.monthly,CartoStar Pro Ежемесячно,"Полный доступ к функциям астрокартографии CartoStar. Включает интерактивный 3D-глобус, рейтинги городов со Scout, интерпретации планетарных линий, анализ натальной карты и 50 AI-вопросов в месяц. Ежемесячная оплата. Отмена в любое время."
ru,com.cartostar.pro.annual,CartoStar Pro Ежегодно,"Полный доступ к функциям астрокартографии CartoStar по лучшей цене. Включает интерактивный 3D-глобус, рейтинги городов со Scout, интерпретации планетарных линий, анализ натальной карты и 50 AI-вопросов в месяц. Экономия 50%. Ежегодная оплата."
ru,com.cartostar.duo.monthly,CartoStar Duo Ежемесячно,"Всё из Pro плюс режим Duo для совместимости партнёров. Сравните две натальные карты, чтобы найти идеальные места для медового месяца, переезда или путешествий, где оба процветают. Включает 100 AI-вопросов в месяц. Идеально для пар. Ежемесячная оплата."
ru,com.cartostar.duo.annual,CartoStar Duo Ежегодно,"Всё из Pro плюс режим Duo для совместимости партнёров по лучшей цене. Сравните две натальные карты, чтобы найти идеальные общие направления. Включает 100 AI-вопросов в месяц. Экономия 50%. Идеально для пар. Ежегодная оплата."
ru,com.cartostar.lifetime,CartoStar Навсегда,"Заплатите один раз, владейте навсегда. Включает все функции Pro и Duo с постоянным доступом. 3D-глобус, рейтинги городов, интерпретации планетарных линий, режим Duo и 200 AI-вопросов. Все будущие функции включены. Единовременная покупка."
ar,com.cartostar.pro.monthly,CartoStar Pro شهري,"وصول كامل لميزات خرائط النجوم في CartoStar. يشمل الكرة الأرضية ثلاثية الأبعاد التفاعلية، تصنيفات المدن مع Scout، تفسيرات خطوط الكواكب، تحليل خريطة الميلاد و50 سؤال ذكاء اصطناعي شهرياً. فوترة شهرية. إلغاء في أي وقت."
ar,com.cartostar.pro.annual,CartoStar Pro سنوي,"وصول كامل لميزات خرائط النجوم في CartoStar بأفضل سعر. يشمل الكرة الأرضية ثلاثية الأبعاد التفاعلية، تصنيفات المدن مع Scout، تفسيرات خطوط الكواكب، تحليل خريطة الميلاد و50 سؤال ذكاء اصطناعي شهرياً. وفر 50%. فوترة سنوية."
ar,com.cartostar.duo.monthly,CartoStar Duo شهري,"كل شيء في Pro بالإضافة إلى وضع Duo للتوافق بين الشريكين. قارن خريطتي ميلاد للعثور على وجهات مثالية لشهر العسل أو الانتقال أو السفر حيث يزدهر كلاهما. يشمل 100 سؤال ذكاء اصطناعي شهرياً. مثالي للأزواج. فوترة شهرية."
ar,com.cartostar.duo.annual,CartoStar Duo سنوي,"كل شيء في Pro بالإضافة إلى وضع Duo للتوافق بين الشريكين بأفضل سعر. قارن خريطتي ميلاد للعثور على وجهات مشتركة مثالية. يشمل 100 سؤال ذكاء اصطناعي شهرياً. وفر 50%. مثالي للأزواج. فوترة سنوية."
ar,com.cartostar.lifetime,CartoStar مدى الحياة,"ادفع مرة واحدة، امتلك للأبد. يشمل جميع ميزات Pro وDuo مع وصول دائم. كرة أرضية ثلاثية الأبعاد، تصنيفات المدن، تفسيرات خطوط الكواكب، وضع Duo و200 سؤال ذكاء اصطناعي. جميع الميزات المستقبلية مشمولة. شراء لمرة واحدة."
hi,com.cartostar.pro.monthly,CartoStar Pro मासिक,"CartoStar एस्ट्रोकार्टोग्राफी सुविधाओं तक पूर्ण पहुंच। 3D इंटरैक्टिव ग्लोब, Scout के साथ शहर रैंकिंग, ग्रहीय रेखा व्याख्याएं, जन्म कुंडली विश्लेषण और प्रति माह 50 AI प्रश्न शामिल हैं। मासिक बिलिंग। कभी भी रद्द करें।"
hi,com.cartostar.pro.annual,CartoStar Pro वार्षिक,"सर्वोत्तम मूल्य पर CartoStar एस्ट्रोकार्टोग्राफी सुविधाओं तक पूर्ण पहुंच। 3D इंटरैक्टिव ग्लोब, Scout के साथ शहर रैंकिंग, ग्रहीय रेखा व्याख्याएं, जन्म कुंडली विश्लेषण और प्रति माह 50 AI प्रश्न शामिल हैं। 50% बचाएं। वार्षिक बिलिंग।"
hi,com.cartostar.duo.monthly,CartoStar Duo मासिक,"Pro में सब कुछ प्लस साथी संगतता के लिए Duo मोड। दो जन्म कुंडलियों की तुलना करें और हनीमून, स्थानांतरण या यात्रा के लिए आदर्श गंतव्य खोजें जहां दोनों फलें-फूलें। प्रति माह 100 AI प्रश्न शामिल। जोड़ों के लिए उत्तम। मासिक बिलिंग।"
hi,com.cartostar.duo.annual,CartoStar Duo वार्षिक,"सर्वोत्तम मूल्य पर Pro में सब कुछ प्लस साथी संगतता के लिए Duo मोड। दो जन्म कुंडलियों की तुलना करें और आदर्श साझा गंतव्य खोजें। प्रति माह 100 AI प्रश्न शामिल। 50% बचाएं। जोड़ों के लिए उत्तम। वार्षिक बिलिंग।"
hi,com.cartostar.lifetime,CartoStar आजीवन,"एक बार भुगतान करें, हमेशा के लिए स्वामित्व। स्थायी पहुंच के साथ सभी Pro और Duo सुविधाएं शामिल। 3D ग्लोब, शहर रैंकिंग, ग्रहीय रेखा व्याख्याएं, Duo मोड और 200 AI प्रश्न। सभी भविष्य की सुविधाएं शामिल। एकमुश्त खरीद।"
th,com.cartostar.pro.monthly,CartoStar Pro รายเดือน,"เข้าถึงฟีเจอร์แผนที่ดวงดาว CartoStar อย่างเต็มรูปแบบ รวมลูกโลก 3D แบบโต้ตอบ การจัดอันดับเมืองด้วย Scout การตีความเส้นดาวเคราะห์ การวิเคราะห์ดวงชะตากำเนิด และคำถาม AI 50 ข้อต่อเดือน เรียกเก็บเงินรายเดือน ยกเลิกได้ทุกเมื่อ"
th,com.cartostar.pro.annual,CartoStar Pro รายปี,"เข้าถึงฟีเจอร์แผนที่ดวงดาว CartoStar อย่างเต็มรูปแบบในราคาที่ดีที่สุด รวมลูกโลก 3D แบบโต้ตอบ การจัดอันดับเมืองด้วย Scout การตีความเส้นดาวเคราะห์ การวิเคราะห์ดวงชะตากำเนิด และคำถาม AI 50 ข้อต่อเดือน ประหยัด 50% เรียกเก็บเงินรายปี"
th,com.cartostar.duo.monthly,CartoStar Duo รายเดือน,"ทุกอย่างใน Pro บวกโหมด Duo สำหรับความเข้ากันได้ของคู่รัก เปรียบเทียบดวงชะตากำเนิดสองดวงเพื่อค้นหาจุดหมายปลายทางในฝันสำหรับฮันนีมูน การย้ายถิ่น หรือการเดินทางที่ทั้งคู่เจริญรุ่งเรือง รวมคำถาม AI 100 ข้อต่อเดือน เหมาะสำหรับคู่รัก เรียกเก็บเงินรายเดือน"
th,com.cartostar.duo.annual,CartoStar Duo รายปี,"ทุกอย่างใน Pro บวกโหมด Duo สำหรับความเข้ากันได้ของคู่รักในราคาที่ดีที่สุด เปรียบเทียบดวงชะตากำเนิดสองดวงเพื่อค้นหาจุดหมายปลายทางร่วมในฝัน รวมคำถาม AI 100 ข้อต่อเดือน ประหยัด 50% เหมาะสำหรับคู่รัก เรียกเก็บเงินรายปี"
th,com.cartostar.lifetime,CartoStar ตลอดชีพ,"จ่ายครั้งเดียว เป็นเจ้าของตลอดไป รวมฟีเจอร์ Pro และ Duo ทั้งหมดพร้อมการเข้าถึงถาวร ลูกโลก 3D การจัดอันดับเมือง การตีความเส้นดาวเคราะห์ โหมด Duo และคำถาม AI 200 ข้อ รวมฟีเจอร์ในอนาคตทั้งหมด ซื้อครั้งเดียว"
vi,com.cartostar.pro.monthly,CartoStar Pro Hàng Tháng,"Truy cập đầy đủ các tính năng bản đồ thiên văn CartoStar. Bao gồm quả địa cầu 3D tương tác, xếp hạng thành phố với Scout, giải thích đường hành tinh, phân tích lá số sinh và 50 câu hỏi AI mỗi tháng. Thanh toán hàng tháng. Hủy bất cứ lúc nào."
vi,com.cartostar.pro.annual,CartoStar Pro Hàng Năm,"Truy cập đầy đủ các tính năng bản đồ thiên văn CartoStar với giá tốt nhất. Bao gồm quả địa cầu 3D tương tác, xếp hạng thành phố với Scout, giải thích đường hành tinh, phân tích lá số sinh và 50 câu hỏi AI mỗi tháng. Tiết kiệm 50%. Thanh toán hàng năm."
vi,com.cartostar.duo.monthly,CartoStar Duo Hàng Tháng,"Mọi thứ trong Pro cộng với Chế độ Duo cho sự tương hợp của cặp đôi. So sánh hai lá số sinh để tìm điểm đến lý tưởng cho tuần trăng mật, di cư hoặc du lịch nơi cả hai phát triển. Bao gồm 100 câu hỏi AI mỗi tháng. Hoàn hảo cho các cặp đôi. Thanh toán hàng tháng."
vi,com.cartostar.duo.annual,CartoStar Duo Hàng Năm,"Mọi thứ trong Pro cộng với Chế độ Duo cho sự tương hợp của cặp đôi với giá tốt nhất. So sánh hai lá số sinh để tìm điểm đến chung lý tưởng. Bao gồm 100 câu hỏi AI mỗi tháng. Tiết kiệm 50%. Hoàn hảo cho các cặp đôi. Thanh toán hàng năm."
vi,com.cartostar.lifetime,CartoStar Trọn Đời,"Thanh toán một lần, sở hữu mãi mãi. Bao gồm tất cả tính năng Pro và Duo với quyền truy cập vĩnh viễn. Quả địa cầu 3D, xếp hạng thành phố, giải thích đường hành tinh, Chế độ Duo và 200 câu hỏi AI. Tất cả tính năng tương lai được bao gồm. Mua một lần."
id,com.cartostar.pro.monthly,CartoStar Pro Bulanan,"Akses penuh ke fitur astrokartografi CartoStar. Termasuk globe 3D interaktif, peringkat kota dengan Scout, interpretasi garis planet, analisis peta kelahiran, dan 50 pertanyaan AI per bulan. Ditagih bulanan. Batalkan kapan saja."
id,com.cartostar.pro.annual,CartoStar Pro Tahunan,"Akses penuh ke fitur astrokartografi CartoStar dengan harga terbaik. Termasuk globe 3D interaktif, peringkat kota dengan Scout, interpretasi garis planet, analisis peta kelahiran, dan 50 pertanyaan AI per bulan. Hemat 50%. Ditagih tahunan."
id,com.cartostar.duo.monthly,CartoStar Duo Bulanan,"Semua yang ada di Pro plus Mode Duo untuk kompatibilitas pasangan. Bandingkan dua peta kelahiran untuk menemukan tujuan ideal untuk bulan madu, relokasi, atau perjalanan di mana keduanya berkembang. Termasuk 100 pertanyaan AI per bulan. Sempurna untuk pasangan. Ditagih bulanan."
id,com.cartostar.duo.annual,CartoStar Duo Tahunan,"Semua yang ada di Pro plus Mode Duo untuk kompatibilitas pasangan dengan harga terbaik. Bandingkan dua peta kelahiran untuk menemukan tujuan bersama yang ideal. Termasuk 100 pertanyaan AI per bulan. Hemat 50%. Sempurna untuk pasangan. Ditagih tahunan."
id,com.cartostar.lifetime,CartoStar Seumur Hidup,"Bayar sekali, miliki selamanya. Termasuk semua fitur Pro dan Duo dengan akses permanen. Globe 3D, peringkat kota, interpretasi garis planet, Mode Duo, dan 200 pertanyaan AI. Semua fitur mendatang termasuk. Pembelian satu kali."
ms,com.cartostar.pro.monthly,CartoStar Pro Bulanan,"Akses penuh ke ciri astrokartografi CartoStar. Termasuk glob 3D interaktif, kedudukan bandar dengan Scout, tafsiran garisan planet, analisis peta kelahiran, dan 50 soalan AI sebulan. Dibilkan bulanan. Batalkan bila-bila masa."
ms,com.cartostar.pro.annual,CartoStar Pro Tahunan,"Akses penuh ke ciri astrokartografi CartoStar pada harga terbaik. Termasuk glob 3D interaktif, kedudukan bandar dengan Scout, tafsiran garisan planet, analisis peta kelahiran, dan 50 soalan AI sebulan. Jimat 50%. Dibilkan tahunan."
ms,com.cartostar.duo.monthly,CartoStar Duo Bulanan,"Semua dalam Pro serta Mod Duo untuk keserasian pasangan. Bandingkan dua peta kelahiran untuk mencari destinasi ideal untuk bulan madu, penempatan semula, atau perjalanan di mana kedua-duanya berkembang. Termasuk 100 soalan AI sebulan. Sesuai untuk pasangan. Dibilkan bulanan."
ms,com.cartostar.duo.annual,CartoStar Duo Tahunan,"Semua dalam Pro serta Mod Duo untuk keserasian pasangan pada harga terbaik. Bandingkan dua peta kelahiran untuk mencari destinasi bersama yang ideal. Termasuk 100 soalan AI sebulan. Jimat 50%. Sesuai untuk pasangan. Dibilkan tahunan."
ms,com.cartostar.lifetime,CartoStar Seumur Hidup,"Bayar sekali, miliki selama-lamanya. Termasuk semua ciri Pro dan Duo dengan akses kekal. Glob 3D, kedudukan bandar, tafsiran garisan planet, Mod Duo, dan 200 soalan AI. Semua ciri masa depan termasuk. Pembelian sekali sahaja."
nl-NL,com.cartostar.pro.monthly,CartoStar Pro Maandelijks,"Volledige toegang tot CartoStar astrocartografie functies. Inclusief interactieve 3D-wereldbol, stadsrankings met Scout, planetaire lijninterpretaties, geboortehoroscoopanalyse en 50 AI-vragen per maand. Maandelijkse facturering. Op elk moment opzeggen."
nl-NL,com.cartostar.pro.annual,CartoStar Pro Jaarlijks,"Volledige toegang tot CartoStar astrocartografie functies voor de beste prijs. Inclusief interactieve 3D-wereldbol, stadsrankings met Scout, planetaire lijninterpretaties, geboortehoroscoopanalyse en 50 AI-vragen per maand. Bespaar 50%. Jaarlijkse facturering."
nl-NL,com.cartostar.duo.monthly,CartoStar Duo Maandelijks,"Alles uit Pro plus Duo-modus voor partnercompatibiliteit. Vergelijk twee geboortehoroscopen om ideale bestemmingen te vinden voor huwelijksreis, verhuizing of reizen waar beide partners floreren. Inclusief 100 AI-vragen per maand. Perfect voor koppels. Maandelijkse facturering."
nl-NL,com.cartostar.duo.annual,CartoStar Duo Jaarlijks,"Alles uit Pro plus Duo-modus voor partnercompatibiliteit voor de beste prijs. Vergelijk twee geboortehoroscopen om ideale gedeelde bestemmingen te vinden. Inclusief 100 AI-vragen per maand. Bespaar 50%. Perfect voor koppels. Jaarlijkse facturering."
nl-NL,com.cartostar.lifetime,CartoStar Levenslang,"Betaal eenmaal, bezit voor altijd. Inclusief alle Pro- en Duo-functies met permanente toegang. 3D-wereldbol, stadsrankings, planetaire lijninterpretaties, Duo-modus en 200 AI-vragen. Alle toekomstige functies inbegrepen. Eenmalige aankoop."
pl,com.cartostar.pro.monthly,CartoStar Pro Miesięczny,"Pełny dostęp do funkcji astrokartografii CartoStar. Zawiera interaktywny globus 3D, rankingi miast ze Scout, interpretacje linii planetarnych, analizę horoskopu urodzeniowego i 50 pytań AI miesięcznie. Rozliczenie miesięczne. Anuluj w dowolnym momencie."
pl,com.cartostar.pro.annual,CartoStar Pro Roczny,"Pełny dostęp do funkcji astrokartografii CartoStar w najlepszej cenie. Zawiera interaktywny globus 3D, rankingi miast ze Scout, interpretacje linii planetarnych, analizę horoskopu urodzeniowego i 50 pytań AI miesięcznie. Oszczędź 50%. Rozliczenie roczne."
pl,com.cartostar.duo.monthly,CartoStar Duo Miesięczny,"Wszystko z Pro plus tryb Duo dla kompatybilności partnerów. Porównaj dwa horoskopy urodzeniowe, aby znaleźć idealne miejsca na miesiąc miodowy, przeprowadzkę lub podróże, gdzie oboje rozkwitają. Zawiera 100 pytań AI miesięcznie. Idealne dla par. Rozliczenie miesięczne."
pl,com.cartostar.duo.annual,CartoStar Duo Roczny,"Wszystko z Pro plus tryb Duo dla kompatybilności partnerów w najlepszej cenie. Porównaj dwa horoskopy urodzeniowe, aby znaleźć idealne wspólne miejsca docelowe. Zawiera 100 pytań AI miesięcznie. Oszczędź 50%. Idealne dla par. Rozliczenie roczne."
pl,com.cartostar.lifetime,CartoStar Dożywotni,"Zapłać raz, posiadaj na zawsze. Zawiera wszystkie funkcje Pro i Duo z trwałym dostępem. Globus 3D, rankingi miast, interpretacje linii planetarnych, tryb Duo i 200 pytań AI. Wszystkie przyszłe funkcje w cenie. Jednorazowy zakup."
tr,com.cartostar.pro.monthly,CartoStar Pro Aylık,"CartoStar astrokartografi özelliklerine tam erişim. Etkileşimli 3D küre, Scout ile şehir sıralamaları, gezegen çizgisi yorumları, doğum haritası analizi ve ayda 50 AI sorusu içerir. Aylık faturalandırma. İstediğiniz zaman iptal edin."
tr,com.cartostar.pro.annual,CartoStar Pro Yıllık,"En iyi fiyatla CartoStar astrokartografi özelliklerine tam erişim. Etkileşimli 3D küre, Scout ile şehir sıralamaları, gezegen çizgisi yorumları, doğum haritası analizi ve ayda 50 AI sorusu içerir. %50 tasarruf edin. Yıllık faturalandırma."
tr,com.cartostar.duo.monthly,CartoStar Duo Aylık,"Pro'daki her şey artı partner uyumluluğu için Duo Modu. Her ikisinin de geliştiği balayı, taşınma veya seyahat için ideal destinasyonları bulmak üzere iki doğum haritasını karşılaştırın. Ayda 100 AI sorusu içerir. Çiftler için mükemmel. Aylık faturalandırma."
tr,com.cartostar.duo.annual,CartoStar Duo Yıllık,"En iyi fiyatla Pro'daki her şey artı partner uyumluluğu için Duo Modu. İdeal ortak destinasyonları bulmak için iki doğum haritasını karşılaştırın. Ayda 100 AI sorusu içerir. %50 tasarruf edin. Çiftler için mükemmel. Yıllık faturalandırma."
tr,com.cartostar.lifetime,CartoStar Ömür Boyu,"Bir kez ödeyin, sonsuza dek sahip olun. Kalıcı erişimle tüm Pro ve Duo özelliklerini içerir. 3D küre, şehir sıralamaları, gezegen çizgisi yorumları, Duo Modu ve 200 AI sorusu. Tüm gelecek özellikler dahil. Tek seferlik satın alma."
uk,com.cartostar.pro.monthly,CartoStar Pro Щомісяця,"Повний доступ до функцій астрокартографії CartoStar. Включає інтерактивний 3D-глобус, рейтинги міст зі Scout, інтерпретації планетарних ліній, аналіз натальної карти та 50 AI-питань на місяць. Щомісячна оплата. Скасування в будь-який час."
uk,com.cartostar.pro.annual,CartoStar Pro Щорічно,"Повний доступ до функцій астрокартографії CartoStar за найкращою ціною. Включає інтерактивний 3D-глобус, рейтинги міст зі Scout, інтерпретації планетарних ліній, аналіз натальної карти та 50 AI-питань на місяць. Економія 50%. Щорічна оплата."
uk,com.cartostar.duo.monthly,CartoStar Duo Щомісяця,"Все з Pro плюс режим Duo для сумісності партнерів. Порівняйте дві натальні карти, щоб знайти ідеальні місця для медового місяця, переїзду або подорожей, де обоє процвітають. Включає 100 AI-питань на місяць. Ідеально для пар. Щомісячна оплата."
uk,com.cartostar.duo.annual,CartoStar Duo Щорічно,"Все з Pro плюс режим Duo для сумісності партнерів за найкращою ціною. Порівняйте дві натальні карти, щоб знайти ідеальні спільні напрямки. Включає 100 AI-питань на місяць. Економія 50%. Ідеально для пар. Щорічна оплата."
uk,com.cartostar.lifetime,CartoStar Назавжди,"Заплатіть один раз, володійте назавжди. Включає всі функції Pro та Duo з постійним доступом. 3D-глобус, рейтинги міст, інтерпретації планетарних ліній, режим Duo та 200 AI-питань. Усі майбутні функції включені. Одноразова покупка."
sv,com.cartostar.pro.monthly,CartoStar Pro Månadsvis,"Full tillgång till CartoStars astrokartografifunktioner. Inkluderar interaktiv 3D-glob, stadsrankningar med Scout, planetlinjetolkningar, födelsehoroskopanalys och 50 AI-frågor per månad. Månadsfakturering. Avbryt när som helst."
sv,com.cartostar.pro.annual,CartoStar Pro Årsvis,"Full tillgång till CartoStars astrokartografifunktioner till bästa pris. Inkluderar interaktiv 3D-glob, stadsrankningar med Scout, planetlinjetolkningar, födelsehoroskopanalys och 50 AI-frågor per månad. Spara 50%. Årsfakturering."
sv,com.cartostar.duo.monthly,CartoStar Duo Månadsvis,"Allt i Pro plus Duo-läge för partnerkompatibilitet. Jämför två födelsehoroskop för att hitta idealiska destinationer för bröllopsresa, flytt eller resor där båda blomstrar. Inkluderar 100 AI-frågor per månad. Perfekt för par. Månadsfakturering."
sv,com.cartostar.duo.annual,CartoStar Duo Årsvis,"Allt i Pro plus Duo-läge för partnerkompatibilitet till bästa pris. Jämför två födelsehoroskop för att hitta idealiska gemensamma destinationer. Inkluderar 100 AI-frågor per månad. Spara 50%. Perfekt för par. Årsfakturering."
sv,com.cartostar.lifetime,CartoStar Livstid,"Betala en gång, äg för alltid. Inkluderar alla Pro- och Duo-funktioner med permanent åtkomst. 3D-glob, stadsrankningar, planetlinjetolkningar, Duo-läge och 200 AI-frågor. Alla framtida funktioner inkluderade. Engångsköp."
da,com.cartostar.pro.monthly,CartoStar Pro Månedlig,"Fuld adgang til CartoStar astrokartografi-funktioner. Inkluderer interaktiv 3D-globus, byrangeringer med Scout, planetlinjetolkninger, fødselshoroskopanalyse og 50 AI-spørgsmål om måneden. Månedlig fakturering. Annuller når som helst."
da,com.cartostar.pro.annual,CartoStar Pro Årlig,"Fuld adgang til CartoStar astrokartografi-funktioner til bedste pris. Inkluderer interaktiv 3D-globus, byrangeringer med Scout, planetlinjetolkninger, fødselshoroskopanalyse og 50 AI-spørgsmål om måneden. Spar 50%. Årlig fakturering."
da,com.cartostar.duo.monthly,CartoStar Duo Månedlig,"Alt i Pro plus Duo-tilstand for partnerkompatibilitet. Sammenlign to fødselshoroskoper for at finde ideelle destinationer til bryllupsrejse, flytning eller rejser, hvor begge trives. Inkluderer 100 AI-spørgsmål om måneden. Perfekt til par. Månedlig fakturering."
da,com.cartostar.duo.annual,CartoStar Duo Årlig,"Alt i Pro plus Duo-tilstand for partnerkompatibilitet til bedste pris. Sammenlign to fødselshoroskoper for at finde ideelle fælles destinationer. Inkluderer 100 AI-spørgsmål om måneden. Spar 50%. Perfekt til par. Årlig fakturering."
da,com.cartostar.lifetime,CartoStar Livstid,"Betal én gang, ej for evigt. Inkluderer alle Pro- og Duo-funktioner med permanent adgang. 3D-globus, byrangeringer, planetlinjetolkninger, Duo-tilstand og 200 AI-spørgsmål. Alle fremtidige funktioner inkluderet. Engangskøb."
no,com.cartostar.pro.monthly,CartoStar Pro Månedlig,"Full tilgang til CartoStars astrokartografi-funksjoner. Inkluderer interaktiv 3D-globus, byrangeringer med Scout, planetlinjetolkninger, fødselshoroskopanalyse og 50 AI-spørsmål per måned. Månedlig fakturering. Avbryt når som helst."
no,com.cartostar.pro.annual,CartoStar Pro Årlig,"Full tilgang til CartoStars astrokartografi-funksjoner til beste pris. Inkluderer interaktiv 3D-globus, byrangeringer med Scout, planetlinjetolkninger, fødselshoroskopanalyse og 50 AI-spørsmål per måned. Spar 50%. Årlig fakturering."
no,com.cartostar.duo.monthly,CartoStar Duo Månedlig,"Alt i Pro pluss Duo-modus for partnerkompatibilitet. Sammenlign to fødselshoroskoper for å finne ideelle destinasjoner for bryllupsreise, flytting eller reiser der begge blomstrer. Inkluderer 100 AI-spørsmål per måned. Perfekt for par. Månedlig fakturering."
no,com.cartostar.duo.annual,CartoStar Duo Årlig,"Alt i Pro pluss Duo-modus for partnerkompatibilitet til beste pris. Sammenlign to fødselshoroskoper for å finne ideelle felles destinasjoner. Inkluderer 100 AI-spørsmål per måned. Spar 50%. Perfekt for par. Årlig fakturering."
no,com.cartostar.lifetime,CartoStar Livstid,"Betal én gang, eie for alltid. Inkluderer alle Pro- og Duo-funksjoner med permanent tilgang. 3D-globus, byrangeringer, planetlinjetolkninger, Duo-modus og 200 AI-spørsmål. Alle fremtidige funksjoner inkludert. Engangskjøp."
fi,com.cartostar.pro.monthly,CartoStar Pro Kuukausittain,"Täysi pääsy CartoStarin astrokartografiaominaisuuksiin. Sisältää interaktiivisen 3D-maapallon, kaupunkirankingit Scoutilla, planeettalinjojen tulkinnat, syntymähoroskoopianalyysin ja 50 AI-kysymystä kuukaudessa. Kuukausilaskutus. Peruuta milloin tahansa."
fi,com.cartostar.pro.annual,CartoStar Pro Vuosittain,"Täysi pääsy CartoStarin astrokartografiaominaisuuksiin parhaaseen hintaan. Sisältää interaktiivisen 3D-maapallon, kaupunkirankingit Scoutilla, planeettalinjojen tulkinnat, syntymähoroskoopianalyysin ja 50 AI-kysymystä kuukaudessa. Säästä 50%. Vuosilaskutus."
fi,com.cartostar.duo.monthly,CartoStar Duo Kuukausittain,"Kaikki Pro:sta plus Duo-tila kumppaniyhteensopivuudelle. Vertaa kahta syntymähoroskooppia löytääksesi ihanteelliset kohteet häämatkalle, muutolle tai matkoille, joissa molemmat kukoistavat. Sisältää 100 AI-kysymystä kuukaudessa. Täydellinen pareille. Kuukausilaskutus."
fi,com.cartostar.duo.annual,CartoStar Duo Vuosittain,"Kaikki Pro:sta plus Duo-tila kumppaniyhteensopivuudelle parhaaseen hintaan. Vertaa kahta syntymähoroskooppia löytääksesi ihanteelliset yhteiset kohteet. Sisältää 100 AI-kysymystä kuukaudessa. Säästä 50%. Täydellinen pareille. Vuosilaskutus."
fi,com.cartostar.lifetime,CartoStar Elinikäinen,"Maksa kerran, omista ikuisesti. Sisältää kaikki Pro- ja Duo-ominaisuudet pysyvällä pääsyllä. 3D-maapallo, kaupunkirankingit, planeettalinjojen tulkinnat, Duo-tila ja 200 AI-kysymystä. Kaikki tulevat ominaisuudet sisältyvät. Kertaostos."
cs,com.cartostar.pro.monthly,CartoStar Pro Měsíčně,"Plný přístup k funkcím astrokartografie CartoStar. Zahrnuje interaktivní 3D globus, žebříčky měst se Scout, interpretace planetárních linií, analýzu rodného horoskopu a 50 AI otázek měsíčně. Měsíční fakturace. Zrušte kdykoli."
cs,com.cartostar.pro.annual,CartoStar Pro Ročně,"Plný přístup k funkcím astrokartografie CartoStar za nejlepší cenu. Zahrnuje interaktivní 3D globus, žebříčky měst se Scout, interpretace planetárních linií, analýzu rodného horoskopu a 50 AI otázek měsíčně. Ušetřete 50%. Roční fakturace."
cs,com.cartostar.duo.monthly,CartoStar Duo Měsíčně,"Vše z Pro plus režim Duo pro kompatibilitu partnerů. Porovnejte dva rodné horoskopy a najděte ideální destinace pro líbánky, stěhování nebo cestování, kde oba prosperují. Zahrnuje 100 AI otázek měsíčně. Perfektní pro páry. Měsíční fakturace."
cs,com.cartostar.duo.annual,CartoStar Duo Ročně,"Vše z Pro plus režim Duo pro kompatibilitu partnerů za nejlepší cenu. Porovnejte dva rodné horoskopy a najděte ideální společné destinace. Zahrnuje 100 AI otázek měsíčně. Ušetřete 50%. Perfektní pro páry. Roční fakturace."
cs,com.cartostar.lifetime,CartoStar Doživotně,"Zaplaťte jednou, vlastněte navždy. Zahrnuje všechny funkce Pro a Duo s trvalým přístupem. 3D globus, žebříčky měst, interpretace planetárních linií, režim Duo a 200 AI otázek. Všechny budoucí funkce zahrnuty. Jednorázový nákup."
sk,com.cartostar.pro.monthly,CartoStar Pro Mesačne,"Plný prístup k funkciám astrokartografie CartoStar. Zahŕňa interaktívny 3D glóbus, rebríčky miest so Scout, interpretácie planetárnych línií, analýzu rodného horoskopu a 50 AI otázok mesačne. Mesačná fakturácia. Zrušte kedykoľvek."
sk,com.cartostar.pro.annual,CartoStar Pro Ročne,"Plný prístup k funkciám astrokartografie CartoStar za najlepšiu cenu. Zahŕňa interaktívny 3D glóbus, rebríčky miest so Scout, interpretácie planetárnych línií, analýzu rodného horoskopu a 50 AI otázok mesačne. Ušetrite 50%. Ročná fakturácia."
sk,com.cartostar.duo.monthly,CartoStar Duo Mesačne,"Všetko z Pro plus režim Duo pre kompatibilitu partnerov. Porovnajte dva rodné horoskopy a nájdite ideálne destinácie pre svadobnú cestu, sťahovanie alebo cestovanie, kde obaja prosperujú. Zahŕňa 100 AI otázok mesačne. Perfektné pre páry. Mesačná fakturácia."
sk,com.cartostar.duo.annual,CartoStar Duo Ročne,"Všetko z Pro plus režim Duo pre kompatibilitu partnerov za najlepšiu cenu. Porovnajte dva rodné horoskopy a nájdite ideálne spoločné destinácie. Zahŕňa 100 AI otázok mesačne. Ušetrite 50%. Perfektné pre páry. Ročná fakturácia."
sk,com.cartostar.lifetime,CartoStar Doživotne,"Zaplaťte raz, vlastnite navždy. Zahŕňa všetky funkcie Pro a Duo s trvalým prístupom. 3D glóbus, rebríčky miest, interpretácie planetárnych línií, režim Duo a 200 AI otázok. Všetky budúce funkcie zahrnuté. Jednorazový nákup."
hu,com.cartostar.pro.monthly,CartoStar Pro Havi,"Teljes hozzáférés a CartoStar asztrokartográfia funkcióihoz. Tartalmazza az interaktív 3D földgömböt, városrangsorokat a Scout-tal, bolygóvonal-értelmezéseket, születési horoszkóp elemzést és havi 50 AI kérdést. Havi számlázás. Bármikor lemondható."
hu,com.cartostar.pro.annual,CartoStar Pro Éves,"Teljes hozzáférés a CartoStar asztrokartográfia funkcióihoz a legjobb áron. Tartalmazza az interaktív 3D földgömböt, városrangsorokat a Scout-tal, bolygóvonal-értelmezéseket, születési horoszkóp elemzést és havi 50 AI kérdést. 50% megtakarítás. Éves számlázás."
hu,com.cartostar.duo.monthly,CartoStar Duo Havi,"Minden a Pro-ból plusz Duo mód a partnerkompatibilitáshoz. Hasonlítson össze két születési horoszkópot, hogy megtalálja az ideális úti célokat nászútra, költözéshez vagy utazáshoz, ahol mindketten virágoznak. Havi 100 AI kérdést tartalmaz. Tökéletes pároknak. Havi számlázás."
hu,com.cartostar.duo.annual,CartoStar Duo Éves,"Minden a Pro-ból plusz Duo mód a partnerkompatibilitáshoz a legjobb áron. Hasonlítson össze két születési horoszkópot, hogy megtalálja az ideális közös úti célokat. Havi 100 AI kérdést tartalmaz. 50% megtakarítás. Tökéletes pároknak. Éves számlázás."
hu,com.cartostar.lifetime,CartoStar Élethosszig,"Fizessen egyszer, örökre birtokolja. Tartalmazza az összes Pro és Duo funkciót állandó hozzáféréssel. 3D földgömb, városrangsorok, bolygóvonal-értelmezések, Duo mód és 200 AI kérdés. Minden jövőbeli funkció benne van. Egyszeri vásárlás."
ro,com.cartostar.pro.monthly,CartoStar Pro Lunar,"Acces complet la funcțiile de astrocartografie CartoStar. Include glob 3D interactiv, clasamente ale orașelor cu Scout, interpretări ale liniilor planetare, analiză a horoscopului natal și 50 de întrebări AI pe lună. Facturare lunară. Anulați oricând."
ro,com.cartostar.pro.annual,CartoStar Pro Anual,"Acces complet la funcțiile de astrocartografie CartoStar la cel mai bun preț. Include glob 3D interactiv, clasamente ale orașelor cu Scout, interpretări ale liniilor planetare, analiză a horoscopului natal și 50 de întrebări AI pe lună. Economisiți 50%. Facturare anuală."
ro,com.cartostar.duo.monthly,CartoStar Duo Lunar,"Tot ce este în Pro plus Modul Duo pentru compatibilitatea partenerului. Comparați două horoscoape natale pentru a găsi destinații ideale pentru luna de miere, relocare sau călătorii unde ambii prosperă. Include 100 de întrebări AI pe lună. Perfect pentru cupluri. Facturare lunară."
ro,com.cartostar.duo.annual,CartoStar Duo Anual,"Tot ce este în Pro plus Modul Duo pentru compatibilitatea partenerului la cel mai bun preț. Comparați două horoscoape natale pentru a găsi destinații comune ideale. Include 100 de întrebări AI pe lună. Economisiți 50%. Perfect pentru cupluri. Facturare anuală."
ro,com.cartostar.lifetime,CartoStar Pe Viață,"Plătiți o dată, dețineți pentru totdeauna. Include toate funcțiile Pro și Duo cu acces permanent. Glob 3D, clasamente ale orașelor, interpretări ale liniilor planetare, Modul Duo și 200 de întrebări AI. Toate funcțiile viitoare incluse. Achiziție unică."
hr,com.cartostar.pro.monthly,CartoStar Pro Mjesečno,"Puni pristup značajkama astrokartografije CartoStar. Uključuje interaktivni 3D globus, rangiranje gradova sa Scout, interpretacije planetarnih linija, analizu rodnog horoskopa i 50 AI pitanja mjesečno. Mjesečna naplata. Otkažite bilo kada."
hr,com.cartostar.pro.annual,CartoStar Pro Godišnje,"Puni pristup značajkama astrokartografije CartoStar po najboljoj cijeni. Uključuje interaktivni 3D globus, rangiranje gradova sa Scout, interpretacije planetarnih linija, analizu rodnog horoskopa i 50 AI pitanja mjesečno. Uštedite 50%. Godišnja naplata."
hr,com.cartostar.duo.monthly,CartoStar Duo Mjesečno,"Sve iz Pro plus Duo način za kompatibilnost partnera. Usporedite dva rodna horoskopa kako biste pronašli idealne destinacije za medeni mjesec, preseljenje ili putovanja gdje oboje napreduju. Uključuje 100 AI pitanja mjesečno. Savršeno za parove. Mjesečna naplata."
hr,com.cartostar.duo.annual,CartoStar Duo Godišnje,"Sve iz Pro plus Duo način za kompatibilnost partnera po najboljoj cijeni. Usporedite dva rodna horoskopa kako biste pronašli idealne zajedničke destinacije. Uključuje 100 AI pitanja mjesečno. Uštedite 50%. Savršeno za parove. Godišnja naplata."
hr,com.cartostar.lifetime,CartoStar Doživotno,"Platite jednom, posjedujte zauvijek. Uključuje sve Pro i Duo značajke s trajnim pristupom. 3D globus, rangiranje gradova, interpretacije planetarnih linija, Duo način i 200 AI pitanja. Sve buduće značajke uključene. Jednokratna kupnja."
el,com.cartostar.pro.monthly,CartoStar Pro Μηνιαίο,"Πλήρης πρόσβαση στις λειτουργίες αστροχαρτογραφίας του CartoStar. Περιλαμβάνει διαδραστική 3D υδρόγειο, κατάταξη πόλεων με Scout, ερμηνείες πλανητικών γραμμών, ανάλυση γενέθλιου ωροσκοπίου και 50 ερωτήσεις AI το μήνα. Μηνιαία χρέωση. Ακύρωση ανά πάσα στιγμή."
el,com.cartostar.pro.annual,CartoStar Pro Ετήσιο,"Πλήρης πρόσβαση στις λειτουργίες αστροχαρτογραφίας του CartoStar στην καλύτερη τιμή. Περιλαμβάνει διαδραστική 3D υδρόγειο, κατάταξη πόλεων με Scout, ερμηνείες πλανητικών γραμμών, ανάλυση γενέθλιου ωροσκοπίου και 50 ερωτήσεις AI το μήνα. Εξοικονομήστε 50%. Ετήσια χρέωση."
el,com.cartostar.duo.monthly,CartoStar Duo Μηνιαίο,"Τα πάντα από το Pro συν τη λειτουργία Duo για συμβατότητα συντρόφου. Συγκρίνετε δύο γενέθλια ωροσκόπια για να βρείτε ιδανικούς προορισμούς για μήνα του μέλιτος, μετεγκατάσταση ή ταξίδια όπου και οι δύο ευδοκιμούν. Περιλαμβάνει 100 ερωτήσεις AI το μήνα. Ιδανικό για ζευγάρια. Μηνιαία χρέωση."
el,com.cartostar.duo.annual,CartoStar Duo Ετήσιο,"Τα πάντα από το Pro συν τη λειτουργία Duo για συμβατότητα συντρόφου στην καλύτερη τιμή. Συγκρίνετε δύο γενέθλια ωροσκόπια για να βρείτε ιδανικούς κοινούς προορισμούς. Περιλαμβάνει 100 ερωτήσεις AI το μήνα. Εξοικονομήστε 50%. Ιδανικό για ζευγάρια. Ετήσια χρέωση."
el,com.cartostar.lifetime,CartoStar Εφ' Όρου Ζωής,"Πληρώστε μία φορά, κατέχετε για πάντα. Περιλαμβάνει όλες τις λειτουργίες Pro και Duo με μόνιμη πρόσβαση. 3D υδρόγειος, κατάταξη πόλεων, ερμηνείες πλανητικών γραμμών, λειτουργία Duo και 200 ερωτήσεις AI. Όλες οι μελλοντικές λειτουργίες περιλαμβάνονται. Εφάπαξ αγορά."
he,com.cartostar.pro.monthly,CartoStar Pro חודשי,"גישה מלאה לתכונות האסטרוקרטוגרפיה של CartoStar. כולל גלובוס 3D אינטראקטיבי, דירוגי ערים עם Scout, פירושי קווי כוכבי לכת, ניתוח מפת לידה ו-50 שאלות AI בחודש. חיוב חודשי. בטל בכל עת."
he,com.cartostar.pro.annual,CartoStar Pro שנתי,"גישה מלאה לתכונות האסטרוקרטוגרפיה של CartoStar במחיר הטוב ביותר. כולל גלובוס 3D אינטראקטיבי, דירוגי ערים עם Scout, פירושי קווי כוכבי לכת, ניתוח מפת לידה ו-50 שאלות AI בחודש. חסוך 50%. חיוב שנתי."
he,com.cartostar.duo.monthly,CartoStar Duo חודשי,"הכל מ-Pro בתוספת מצב Duo לתאימות בני זוג. השווה שתי מפות לידה כדי למצוא יעדים אידיאליים לירח דבש, מעבר דירה או נסיעות שבהן שניהם משגשגים. כולל 100 שאלות AI בחודש. מושלם לזוגות. חיוב חודשי."
he,com.cartostar.duo.annual,CartoStar Duo שנתי,"הכל מ-Pro בתוספת מצב Duo לתאימות בני זוג במחיר הטוב ביותר. השווה שתי מפות לידה כדי למצוא יעדים משותפים אידיאליים. כולל 100 שאלות AI בחודש. חסוך 50%. מושלם לזוגות. חיוב שנתי."
he,com.cartostar.lifetime,CartoStar לכל החיים,"שלם פעם אחת, החזק לנצח. כולל את כל תכונות Pro ו-Duo עם גישה קבועה. גלובוס 3D, דירוגי ערים, פירושי קווי כוכבי לכת, מצב Duo ו-200 שאלות AI. כל התכונות העתידיות כלולות. רכישה חד פעמית."
ca,com.cartostar.pro.monthly,CartoStar Pro Mensual,"Accés complet a les funcions d'astrocartografia de CartoStar. Inclou globus 3D interactiu, classificacions de ciutats amb Scout, interpretacions de línies planetàries, anàlisi de carta natal i 50 preguntes d'IA al mes. Facturació mensual. Cancel·la en qualsevol moment."
ca,com.cartostar.pro.annual,CartoStar Pro Anual,"Accés complet a les funcions d'astrocartografia de CartoStar al millor preu. Inclou globus 3D interactiu, classificacions de ciutats amb Scout, interpretacions de línies planetàries, anàlisi de carta natal i 50 preguntes d'IA al mes. Estalvia 50%. Facturació anual."
ca,com.cartostar.duo.monthly,CartoStar Duo Mensual,"Tot el de Pro més el Mode Duo per a compatibilitat de parella. Compara dues cartes natals per trobar destinacions ideals per a lluna de mel, mudança o viatges on ambdós prosperaran. Inclou 100 preguntes d'IA al mes. Perfecte per a parelles. Facturació mensual."
ca,com.cartostar.duo.annual,CartoStar Duo Anual,"Tot el de Pro més el Mode Duo per a compatibilitat de parella al millor preu. Compara dues cartes natals per trobar destinacions compartides ideals. Inclou 100 preguntes d'IA al mes. Estalvia 50%. Perfecte per a parelles. Facturació anual."
ca,com.cartostar.lifetime,CartoStar Vitalici,"Paga un cop, posseeix per sempre. Inclou totes les funcions Pro i Duo amb accés permanent. Globus 3D, classificacions de ciutats, interpretacions de línies planetàries, Mode Duo i 200 preguntes d'IA. Totes les funcions futures incloses. Compra única."
en-GB,com.cartostar.pro.monthly,CartoStar Pro Monthly,"Full access to CartoStar astrocartography features. Includes 3D interactive globe, city rankings with Scout, planetary line interpretations, natal chart analysis, and 50 AI-powered questions per month. Billed monthly. Cancel anytime."
en-GB,com.cartostar.pro.annual,CartoStar Pro Annual,"Full access to CartoStar astrocartography features at our best value. Includes 3D interactive globe, city rankings with Scout, planetary line interpretations, natal chart analysis, and 50 AI-powered questions per month. Save 50% compared to monthly. Billed annually."
en-GB,com.cartostar.duo.monthly,CartoStar Duo Monthly,"Everything in Pro plus Duo Mode for partner compatibility. Compare two birth charts to find ideal honeymoon spots, relocation cities, or travel destinations where both people thrive. Includes 100 AI questions per month. Perfect for couples. Billed monthly."
en-GB,com.cartostar.duo.annual,CartoStar Duo Annual,"Everything in Pro plus Duo Mode for partner compatibility at our best value. Compare two birth charts to find ideal shared destinations. Includes 100 AI questions per month. Save 50% compared to monthly. Perfect for couples planning together. Billed annually."
en-GB,com.cartostar.lifetime,CartoStar Lifetime,"Pay once, own forever. Includes all Pro and Duo features with permanent access. 3D globe, city rankings, planetary line interpretations, Duo Mode for partner compatibility, and 200 AI questions. All future features included. One-time purchase."
en-AU,com.cartostar.pro.monthly,CartoStar Pro Monthly,"Full access to CartoStar astrocartography features. Includes 3D interactive globe, city rankings with Scout, planetary line interpretations, natal chart analysis, and 50 AI-powered questions per month. Billed monthly. Cancel anytime."
en-AU,com.cartostar.pro.annual,CartoStar Pro Annual,"Full access to CartoStar astrocartography features at our best value. Includes 3D interactive globe, city rankings with Scout, planetary line interpretations, natal chart analysis, and 50 AI-powered questions per month. Save 50% compared to monthly. Billed annually."
en-AU,com.cartostar.duo.monthly,CartoStar Duo Monthly,"Everything in Pro plus Duo Mode for partner compatibility. Compare two birth charts to find ideal honeymoon spots, relocation cities, or travel destinations where both people thrive. Includes 100 AI questions per month. Perfect for couples. Billed monthly."
en-AU,com.cartostar.duo.annual,CartoStar Duo Annual,"Everything in Pro plus Duo Mode for partner compatibility at our best value. Compare two birth charts to find ideal shared destinations. Includes 100 AI questions per month. Save 50% compared to monthly. Perfect for couples planning together. Billed annually."
en-AU,com.cartostar.lifetime,CartoStar Lifetime,"Pay once, own forever. Includes all Pro and Duo features with permanent access. 3D globe, city rankings, planetary line interpretations, Duo Mode for partner compatibility, and 200 AI questions. All future features included. One-time purchase."
en-CA,com.cartostar.pro.monthly,CartoStar Pro Monthly,"Full access to CartoStar astrocartography features. Includes 3D interactive globe, city rankings with Scout, planetary line interpretations, natal chart analysis, and 50 AI-powered questions per month. Billed monthly. Cancel anytime."
en-CA,com.cartostar.pro.annual,CartoStar Pro Annual,"Full access to CartoStar astrocartography features at our best value. Includes 3D interactive globe, city rankings with Scout, planetary line interpretations, natal chart analysis, and 50 AI-powered questions per month. Save 50% compared to monthly. Billed annually."
en-CA,com.cartostar.duo.monthly,CartoStar Duo Monthly,"Everything in Pro plus Duo Mode for partner compatibility. Compare two birth charts to find ideal honeymoon spots, relocation cities, or travel destinations where both people thrive. Includes 100 AI questions per month. Perfect for couples. Billed monthly."
en-CA,com.cartostar.duo.annual,CartoStar Duo Annual,"Everything in Pro plus Duo Mode for partner compatibility at our best value. Compare two birth charts to find ideal shared destinations. Includes 100 AI questions per month. Save 50% compared to monthly. Perfect for couples planning together. Billed annually."
en-CA,com.cartostar.lifetime,CartoStar Lifetime,"Pay once, own forever. Includes all Pro and Duo features with permanent access. 3D globe, city rankings, planetary line interpretations, Duo Mode for partner compatibility, and 200 AI questions. All future features included. One-time purchase."
